Tên cửa hàng,Địa chỉ,Số điện thoại,Đánh giá trung bình,Tổng số nhận xét,Trạng thái Website
"Le Spa Sothys Hanoi","Căn 201 Tầng 2, Tháp Tây Chung cư Học Viện Quốc Phòng KĐTM, Tây Hồ Tây, Nghĩa Đô, Hà Nội 124200, Việt Nam","+84 24 3941 2451","5,0","5","CHƯA CÓ WEBSITE (MỤC TIÊU SỐ 1)"
"HB Spa - số 23","37 P. Tây Sơn, Kim Liên, Hà Nội, Việt Nam","+84 978 429 616","5,0","5","Đã có Web"
"LALA SPA","Số 06 LKV08, Khu Đô Thị HUD, Sơn Tây, Hà Nội 12700, Việt Nam","+84 393 627 886","5,0","5","Đã có Web"
"Sunny Spa","6 Ng. 136 P. Tây Sơn, Đống Đa, Hà Nội, Việt Nam","+84 375 968 488","5,0","5","CHƯA CÓ WEBSITE (MỤC TIÊU SỐ 1)"
"Hà Trang Viện Spa Đông Y","158 QL32, Sơn Tây, Hà Nội, Việt Nam","+84 968 596 899","4,5","4","CHƯA CÓ WEBSITE (MỤC TIÊU SỐ 1)"
"ZEN Spa - Massage Dưỡng sinh & Chăm sóc da mặt","15 P. Trịnh Công Sơn, Tây Hồ, Hà Nội, Việt Nam","+84 987 842 221","4,9","4","Đã có Web"
"HB Spa - Spa HB Tây Sơn","160 P. Tây Sơn, Đống Đa, Hà Nội 100000, Việt Nam","+84 978 429 616","5,0","5","CHƯA CÓ WEBSITE (MỤC TIÊU SỐ 1)"
"Harley Beauty Store","55 P. Trịnh Công Sơn, Tây Hồ, Hà Nội 100000, Việt Nam","+84 899 553 955","4,6","4","CHƯA CÓ WEBSITE (MỤC TIÊU SỐ 1)"
"Plumeria Spa by Royal - Sơn Tây","KLK8 khu đô thị HUB, Sơn Tây, Hà Nội, Việt Nam","+84 916 688 278","5,0","5","Đã có Web"
"Cindy’s Beauty Center","37 Ng. 245 Đ. Lạc Long Quân, Bái Ân, Tây Hồ, Hà Nội, Việt Nam","+84 987 472 812","4,9","4","CHƯA CÓ WEBSITE (MỤC TIÊU SỐ 1)"
"TÂM SPA - Massage - Trị Liệu - Xuân Diệu - Tây Hồ - Hà Nội","37 Đ. Xuân Diệu, Tây Hồ, Hà Nội 10000, Việt Nam","+84 362 061 767","4,6","4","CHƯA CÓ WEBSITE (MỤC TIÊU SỐ 1)"
"Serenity Bloom Spa","55 P. Trịnh Công Sơn, Tây Hồ, Hà Nội 100000, Việt Nam","+84 948 691 368","4,4","4","CHƯA CÓ WEBSITE (MỤC TIÊU SỐ 1)"
"Leemyl Spa Sơn Tây","57 P. Phạm Hồng Thái, P, Sơn Tây, Hà Nội, Việt Nam","+84 966 989 391","5,0","5","CHƯA CÓ WEBSITE (MỤC TIÊU SỐ 1)"
"Diễm Diễm Beauty & Spa","LK14 Đ. Phú Hà, Khu Đô Thị Phú Hà, Sơn Tây, Hà Nội, Việt Nam","+84 988 809 563","5,0","5","CHƯA CÓ WEBSITE (MỤC TIÊU SỐ 1)"
"SPA ĐÔNG Y SƠN CƯỚC TÂN TÂY ĐÔ","Liền Kề 4, Khu Đô Thị, Tân Tây Đô, Ô Diên, Hà Nội, Việt Nam","+84 965 566 639","5,0","5","Đã có Web"
"Tây Thi Beauty Spa","30 P. Khương Thượng, Kim Liên, Hà Nội 115070, Việt Nam","+84 965 071 228","4,7","4","CHƯA CÓ WEBSITE (MỤC TIÊU SỐ 1)"
"Spa đồ hiệu xoxo luxury","1H P. Sơn Tây, Ba Đình, Hà Nội 100000, Việt Nam","+84 963 378 537","5,0","5","Đã có Web"
"Hermosa Clinic & Spa","138 P. Tây Sơn, Đống Đa, Hà Nội 10000, Việt Nam","+84 816 611 111","3,0","3","CHƯA CÓ WEBSITE (MỤC TIÊU SỐ 1)"
"MASSAGE DLT 518 SƠN TÂY","518 P. Chùa Thông, Sơn Tây, Hà Nội, Việt Nam","+84 356 624 098","4,5","4","Đã có Web"
"Stellar Nails & Hair Spa – Facial & Gội Dưỡng Sinh - Làm Móng Tây Hồ","587 Đ. Lạc Long Quân, Tây Hồ, Hà Nội 100000, Việt Nam","+84 818 888 587","4,8","4","Đã có Web"